cattle_type,outcome,weighting,event_month,event_reference_month,coefficient,std_error,p_value
feeder,head_share,equal_county_month,-24,-1,-0.0871164723188712,0.101041169315509,0.390007810528345
feeder,head_share,equal_county_month,-23,-1,0.00467483346807534,0.120307239487633,0.969057483298041
feeder,head_share,equal_county_month,-22,-1,-0.118130011425308,0.091423270577638,0.1983704506388
feeder,head_share,equal_county_month,-21,-1,-0.10453498286158,0.0837795085273747,0.21413783236181
feeder,head_share,equal_county_month,-20,-1,-0.095279380127931,0.0845970586079825,0.261910564476573
feeder,head_share,equal_county_month,-19,-1,0.0427384149089809,0.110140058864605,0.698557757830468
feeder,head_share,equal_county_month,-18,-1,-0.0877312786238241,0.0811286639048092,0.281321328230403
feeder,head_share,equal_county_month,-17,-1,-0.118707336324568,0.0749771302566438,0.115543811799225
feeder,head_share,equal_county_month,-16,-1,-0.0799981405465596,0.0724866686233639,0.271583773894467
feeder,head_share,equal_county_month,-15,-1,-0.0919190193879003,0.0642376749652141,0.154604571641291
feeder,head_share,equal_county_month,-14,-1,-0.109708992843565,0.0575622540243303,0.0586396466034336
feeder,head_share,equal_county_month,-13,-1,-0.122058007066283,0.051618520455334,0.0193736222218513
feeder,head_share,equal_county_month,-12,-1,-0.152922889584499,0.0475845913871785,0.00161503332860656
feeder,head_share,equal_county_month,-11,-1,-0.128647078911723,0.0505633465942315,0.0119972106178092
feeder,head_share,equal_county_month,-10,-1,-0.132521588808957,0.0452447387630441,0.00395088705481266
feeder,head_share,equal_county_month,-9,-1,-0.137277092380014,0.0394168468669924,0.000656439590451438
feeder,head_share,equal_county_month,-8,-1,-0.106723538717354,0.0401724975923099,0.00877684881585377
feeder,head_share,equal_county_month,-7,-1,-0.0977529440692983,0.0365633334465338,0.00836685095930367
feeder,head_share,equal_county_month,-6,-1,-0.131136827698372,0.0361915992268959,0.000401471211480971
feeder,head_share,equal_county_month,-5,-1,-0.105742145779581,0.0251132262118342,4.44942670157895e-05
feeder,head_share,equal_county_month,-4,-1,-0.12121940644605,0.0280700497028201,2.89753853943527e-05
feeder,head_share,equal_county_month,-3,-1,-0.11111390855597,0.0198779020313554,1.09372049255655e-07
feeder,head_share,equal_county_month,-2,-1,-0.164496850434876,0.032433678077478,1.18624177892531e-06
feeder,head_share,equal_county_month,0,-1,-0.164376433898901,0.0222822459532514,1.15042848169003e-11
feeder,head_share,equal_county_month,1,-1,-0.153506657813346,0.0481058039608004,0.00173820349659313
feeder,head_share,equal_county_month,2,-1,0.00924168895036339,0.06279781589446,0.883205604578006
feeder,head_share,equal_county_month,3,-1,-0.103811039785013,0.033283348178561,0.00218942670750172
feeder,head_share,equal_county_month,4,-1,-0.0754922928377558,0.0339828557519511,0.0278682183132128
feeder,head_share,equal_county_month,5,-1,-0.124855545305049,0.0407019411497815,0.00257579817676729
feeder,head_share,equal_county_month,6,-1,-0.111718732698097,0.040586178495297,0.00666786947270174
feeder,head_share,equal_county_month,7,-1,-0.122760174605272,0.0465448015857641,0.00926402473091068
feeder,head_share,equal_county_month,8,-1,-0.0320140067215737,0.065141398833675,0.623848407806317
feeder,head_share,equal_county_month,9,-1,-0.116825630258919,0.0680901511417875,0.0883437946930536
feeder,head_share,equal_county_month,10,-1,-0.0804405437217368,0.0688102398230679,0.244313816073654
feeder,head_share,equal_county_month,11,-1,-0.124020352296195,0.0613891009140218,0.0452006077409311
feeder,head_share,volume_weighted,-24,-1,-0.329212792400235,0.202739979326868,0.106586648597702
feeder,head_share,volume_weighted,-23,-1,-0.292766217553239,0.209245064691972,0.163902112297353
feeder,head_share,volume_weighted,-22,-1,-0.325400781525799,0.180393892107781,0.0733331001888219
feeder,head_share,volume_weighted,-21,-1,-0.297532448876688,0.174033995391289,0.0894748220438646
feeder,head_share,volume_weighted,-20,-1,-0.30110898309711,0.162977955671562,0.0667060329816857
feeder,head_share,volume_weighted,-19,-1,-0.192591756847524,0.208360745788224,0.356856018416626
feeder,head_share,volume_weighted,-18,-1,-0.212624943812348,0.167374322948395,0.205992515907102
feeder,head_share,volume_weighted,-17,-1,-0.267375809234976,0.140085945243623,0.0582825153156446
feeder,head_share,volume_weighted,-16,-1,-0.268781696832474,0.18271898739208,0.143454891563421
feeder,head_share,volume_weighted,-15,-1,-0.28777176427158,0.133224782506612,0.0324125939759544
feeder,head_share,volume_weighted,-14,-1,-0.326384234333512,0.125569981418295,0.0103093552679131
feeder,head_share,volume_weighted,-13,-1,-0.237320002134037,0.097588061542834,0.0162408181918325
feeder,head_share,volume_weighted,-12,-1,-0.261922411158669,0.0962926181916858,0.00732517648641932
feeder,head_share,volume_weighted,-11,-1,-0.273535961928436,0.100075067985602,0.00705112727229949
feeder,head_share,volume_weighted,-10,-1,-0.220235949812879,0.0840984175314737,0.0097619316870146
feeder,head_share,volume_weighted,-9,-1,-0.206560926731333,0.0666441647915025,0.002329423792576
feeder,head_share,volume_weighted,-8,-1,-0.148485392689123,0.060592393818933,0.0154532819630933
feeder,head_share,volume_weighted,-7,-1,-0.173218874298795,0.0518921096663395,0.00107221485729362
feeder,head_share,volume_weighted,-6,-1,-0.183809507587082,0.0440904023482386,5.241332261672e-05
feeder,head_share,volume_weighted,-5,-1,-0.154587740665097,0.0369664625804621,4.98263902147128e-05
feeder,head_share,volume_weighted,-4,-1,-0.159740291186303,0.0454871977123148,0.000593730892993666
feeder,head_share,volume_weighted,-3,-1,-0.146926292164518,0.0226531920409068,1.30103321241723e-09
feeder,head_share,volume_weighted,-2,-1,-0.158309842475951,0.0260999636005323,1.08825178177561e-08
feeder,head_share,volume_weighted,0,-1,-0.117195626364566,0.0420550442093237,0.00603754945888388
feeder,head_share,volume_weighted,1,-1,-0.0321274050432331,0.0944042500692128,0.734110068706153
feeder,head_share,volume_weighted,2,-1,0.0758559684614233,0.11512559143713,0.511006538585544
feeder,head_share,volume_weighted,3,-1,-0.0644219048949914,0.0613709831553994,0.295596603210612
feeder,head_share,volume_weighted,4,-1,-0.00315039020922174,0.0817297626432723,0.969305036806274
feeder,head_share,volume_weighted,5,-1,-0.0338973861772746,0.0955774431928623,0.72336046618002
feeder,head_share,volume_weighted,6,-1,-0.0470453551503619,0.072273058278817,0.516116049947702
feeder,head_share,volume_weighted,7,-1,-0.0126830355305185,0.0888428012449741,0.8866793588512
feeder,head_share,volume_weighted,8,-1,0.0782609224325267,0.109995150066028,0.477921045941024
feeder,head_share,volume_weighted,9,-1,0.0955043357550266,0.102225041592507,0.351725174810955
feeder,head_share,volume_weighted,10,-1,-0.00364519627875208,0.10476286077663,0.972291269774036
feeder,head_share,volume_weighted,11,-1,-0.00556538403008321,0.120657575130814,0.963273732645646
feeder,endorsement_share,equal_county_month,-24,-1,-0.0512584090970759,0.10153013968918,0.61442426867364
feeder,endorsement_share,equal_county_month,-23,-1,0.037109849827755,0.12126756350661,0.760031170549563
feeder,endorsement_share,equal_county_month,-22,-1,-0.0936774785928161,0.0908917771059625,0.304421727018722
feeder,endorsement_share,equal_county_month,-21,-1,-0.0809216905366072,0.0821407506901774,0.326187039919333
feeder,endorsement_share,equal_county_month,-20,-1,-0.0699200330197684,0.0846395804596689,0.410109411956822
feeder,endorsement_share,equal_county_month,-19,-1,0.0712293852820848,0.11021889789742,0.519136516439286
feeder,endorsement_share,equal_county_month,-18,-1,-0.0783163190544599,0.0790011787980591,0.323175367752385
feeder,endorsement_share,equal_county_month,-17,-1,-0.0905017870200146,0.0752000377680256,0.230751545597808
feeder,endorsement_share,equal_county_month,-16,-1,-0.0626097872524524,0.0720492664304977,0.386291012575128
feeder,endorsement_share,equal_county_month,-15,-1,-0.0701401382296805,0.0633671335650091,0.270176506930575
feeder,endorsement_share,equal_county_month,-14,-1,-0.0903525396710602,0.0572296288776525,0.116567430236983
feeder,endorsement_share,equal_county_month,-13,-1,-0.107216637153887,0.0517859898021571,0.0401904216518837
feeder,endorsement_share,equal_county_month,-12,-1,-0.134083629537574,0.0474861061929243,0.00541647963860589
feeder,endorsement_share,equal_county_month,-11,-1,-0.115548478985359,0.050292248207555,0.0230188357125376
feeder,endorsement_share,equal_county_month,-10,-1,-0.12233476539279,0.0445347952090353,0.00677856108004798
feeder,endorsement_share,equal_county_month,-9,-1,-0.125381822715138,0.0391691704651148,0.00168280372868677
feeder,endorsement_share,equal_county_month,-8,-1,-0.0949328030592239,0.0390911487206662,0.0163858214407157
feeder,endorsement_share,equal_county_month,-7,-1,-0.089548708739952,0.0372972606823558,0.0176203238556554
feeder,endorsement_share,equal_county_month,-6,-1,-0.12219241421248,0.035543693508015,0.000765654573409853
feeder,endorsement_share,equal_county_month,-5,-1,-0.0993261066283293,0.023942720577902,5.67712397658787e-05
feeder,endorsement_share,equal_county_month,-4,-1,-0.116162372190682,0.0272234409674144,3.55895972038636e-05
feeder,endorsement_share,equal_county_month,-3,-1,-0.105168924148496,0.0195918128207413,3.08834958608041e-07
feeder,endorsement_share,equal_county_month,-2,-1,-0.155912493883292,0.0302940286638844,8.48097839161928e-07
feeder,endorsement_share,equal_county_month,0,-1,-0.159711980201539,0.0218731847900119,1.73353872562685e-11
feeder,endorsement_share,equal_county_month,1,-1,-0.205683699196971,0.0435104844016931,5.3361699002462e-06
feeder,endorsement_share,equal_county_month,2,-1,0.00562269983718413,0.0612953855049288,0.927038208499678
feeder,endorsement_share,equal_county_month,3,-1,-0.106029893545792,0.0324686421700432,0.00136310173990118
feeder,endorsement_share,equal_county_month,4,-1,-0.0822719816582699,0.0332532510970586,0.0145105580110602
feeder,endorsement_share,equal_county_month,5,-1,-0.12643360162062,0.0405348623565768,0.002188563653503
feeder,endorsement_share,equal_county_month,6,-1,-0.116741752079224,0.0419570247015747,0.00611408142406802
feeder,endorsement_share,equal_county_month,7,-1,-0.132285573364056,0.0466188350450804,0.00519723827218227
feeder,endorsement_share,equal_county_month,8,-1,-0.0390165766094616,0.0634109386881878,0.539322925927026
feeder,endorsement_share,equal_county_month,9,-1,-0.136655392514422,0.0658049022017819,0.0395963463216733
feeder,endorsement_share,equal_county_month,10,-1,-0.0949042873316478,0.0677718673712729,0.163544930995621
feeder,endorsement_share,equal_county_month,11,-1,-0.135172878201293,0.0617133541392622,0.0300977226729601
feeder,endorsement_share,volume_weighted,-24,-1,-0.080291748046875,0.0357583408193997,0.0262552353293757
feeder,endorsement_share,volume_weighted,-23,-1,0.0047607421875,0.071628067773518,0.947099369210473
feeder,endorsement_share,volume_weighted,-22,-1,-0.108123779296875,0.0275053687783961,0.000130574648738518
feeder,endorsement_share,volume_weighted,-21,-1,-0.0993499755859375,0.0246394248949473,8.89865968257959e-05
feeder,endorsement_share,volume_weighted,-20,-1,-0.0947723388671875,0.0286856719890837,0.0012015801718251
feeder,endorsement_share,volume_weighted,-19,-1,0.0633087158203125,0.0719626069889375,0.380453358091379
feeder,endorsement_share,volume_weighted,-18,-1,-0.09918212890625,0.0321764668610652,0.00245798877062132
feeder,endorsement_share,volume_weighted,-17,-1,-0.0918731689453125,0.0362995356765993,0.0124413433702497
feeder,endorsement_share,volume_weighted,-16,-1,-0.089019775390625,0.0401790456511412,0.0282794639214507
feeder,endorsement_share,volume_weighted,-15,-1,-0.099517822265625,0.0297631416774255,0.00105233001149541
feeder,endorsement_share,volume_weighted,-14,-1,-0.111709594726563,0.0278956411565315,9.88697980025898e-05
feeder,endorsement_share,volume_weighted,-13,-1,-0.1142578125,0.029801921269702,0.000187455465780095
feeder,endorsement_share,volume_weighted,-12,-1,-0.127655029296875,0.024848081602009,8.84039338137771e-07
feeder,endorsement_share,volume_weighted,-11,-1,-0.120307922363281,0.0314507195159358,0.000193513185896211
feeder,endorsement_share,volume_weighted,-10,-1,-0.124435424804688,0.0262456186827399,5.02738099863186e-06
feeder,endorsement_share,volume_weighted,-9,-1,-0.129119873046875,0.0239857686739187,2.87885607431044e-07
feeder,endorsement_share,volume_weighted,-8,-1,-0.0999832153320312,0.0289978318597914,0.000739574069039174
feeder,endorsement_share,volume_weighted,-7,-1,-0.0903778076171875,0.0298388557007836,0.00290687081616278
feeder,endorsement_share,volume_weighted,-6,-1,-0.150836944580078,0.0413491367135423,0.000368025938318671
feeder,endorsement_share,volume_weighted,-5,-1,-0.10400390625,0.0173186578533663,1.46593859543843e-08
feeder,endorsement_share,volume_weighted,-4,-1,-0.118587493896484,0.024598196863858,3.56846528182453e-06
feeder,endorsement_share,volume_weighted,-3,-1,-0.110593795776367,0.0241493065494435,9.94878010112037e-06
feeder,endorsement_share,volume_weighted,-2,-1,-0.148861885070801,0.026992285339306,1.55680917060893e-07
feeder,endorsement_share,volume_weighted,0,-1,-0.159537315368652,0.0288284868301814,1.42347520447978e-07
feeder,endorsement_share,volume_weighted,1,-1,-0.219226837158203,0.0438823604030781,1.66251230494383e-06
feeder,endorsement_share,volume_weighted,2,-1,-0.0287284851074219,0.0529715928122545,0.588418516334207
feeder,endorsement_share,volume_weighted,3,-1,-0.0980186462402344,0.0351385813521592,0.00598882868208329
feeder,endorsement_share,volume_weighted,4,-1,-0.0757293701171875,0.0273516627543954,0.00636308441623938
feeder,endorsement_share,volume_weighted,5,-1,-0.118515014648438,0.0304402328566149,0.000150336193857316
feeder,endorsement_share,volume_weighted,6,-1,-0.109977722167969,0.0322532360905042,0.000842140821974023
feeder,endorsement_share,volume_weighted,7,-1,-0.100341796875,0.0362020679993667,0.00630799792659653
feeder,endorsement_share,volume_weighted,8,-1,-0.004486083984375,0.066655243058613,0.94643336795474
feeder,endorsement_share,volume_weighted,9,-1,-0.0708541870117188,0.0514727213736838,0.17077683071897
feeder,endorsement_share,volume_weighted,10,-1,-0.094482421875,0.0437457750010039,0.0324315363742034
feeder,endorsement_share,volume_weighted,11,-1,-0.1220703125,0.0364574298528106,0.00103612995173988
fed,head_share,equal_county_month,-24,-2,0.306740704186441,0.304325123381452,0.352389347753417
fed,head_share,equal_county_month,-22,-2,0.326546267672723,0.31756269297457,0.343470750410188
fed,head_share,equal_county_month,-21,-2,0.324649270662949,0.319715497606551,0.349083785786554
fed,head_share,equal_county_month,-20,-2,0.212766934034166,0.220774492668002,0.372399067946818
fed,head_share,equal_county_month,-19,-2,0.146491033244255,0.246478309460894,0.573998341119026
fed,head_share,equal_county_month,-17,-2,0.119249898130507,0.219719598634721,0.606867289458824
fed,head_share,equal_county_month,-13,-2,0.156914461060827,0.1570571404352,0.356323297467412
fed,head_share,equal_county_month,-12,-2,0.143293893503953,0.143675286480631,0.357103940490211
fed,head_share,equal_county_month,-10,-2,0.15826605509801,0.164669447014416,0.373610651299644
fed,head_share,equal_county_month,-9,-2,0.0892683575250721,0.0873849412957062,0.346402305859
fed,head_share,equal_county_month,-4,-2,0.0343293530489615,0.0369255238539746,0.388404766384107
fed,head_share,equal_county_month,3,-2,-0.153161453006972,0.0495765184648026,0.0214043841932777
fed,head_share,equal_county_month,4,-2,-0.113620386049721,0.100921020075863,0.303242538819221
fed,head_share,equal_county_month,5,-2,-0.0988880818657281,0.0972571738408159,0.348496571002229
fed,head_share,equal_county_month,6,-2,-0.105420431487385,0.103739279461154,0.348743905686626
fed,head_share,volume_weighted,-24,-2,0.0934813812929995,0.121563180744663,0.471073578087461
fed,head_share,volume_weighted,-22,-2,0.0973907625696832,0.125850778973067,0.468399042993087
fed,head_share,volume_weighted,-21,-2,0.0923498081233485,0.125834394909265,0.490682091546725
fed,head_share,volume_weighted,-20,-2,0.0677252780680248,0.086245148342715,0.462170327419012
fed,head_share,volume_weighted,-19,-2,-0.0195104682156963,0.0854197158812348,0.826915239331266
fed,head_share,volume_weighted,-17,-2,-0.0277213289208248,0.0748808972298753,0.723946046688214
fed,head_share,volume_weighted,-13,-2,0.0483216474147924,0.0634799556247996,0.47537461977292
fed,head_share,volume_weighted,-12,-2,0.0442162170622281,0.0582031096801204,0.476219369022597
fed,head_share,volume_weighted,-10,-2,0.034258847083326,0.0642809488204998,0.613217253069853
fed,head_share,volume_weighted,-9,-2,0.0300963932316633,0.0384202451597225,0.463213398874203
fed,head_share,volume_weighted,-4,-2,0.0113727742417137,0.0161448134319429,0.507575546605053
fed,head_share,volume_weighted,3,-2,-0.109829935972111,0.0315583489843152,0.0131390089898043
fed,head_share,volume_weighted,4,-2,-0.0562278709849628,0.0629470285146965,0.406119141467942
fed,head_share,volume_weighted,5,-2,-0.0305251809886291,0.0393638455089157,0.467519913936343
fed,head_share,volume_weighted,6,-2,-0.0310562742998359,0.0399773578922721,0.466761858861934
fed,endorsement_share,equal_county_month,-24,-2,0.269712498403831,0.251998493300032,0.325640931858686
fed,endorsement_share,equal_county_month,-22,-2,0.339180100873522,0.302849591114904,0.305548275822431
fed,endorsement_share,equal_county_month,-21,-2,0.258652004510453,0.252492638969845,0.345163378231613
fed,endorsement_share,equal_county_month,-20,-2,0.178105102671231,0.175471616757958,0.34927001200632
fed,endorsement_share,equal_county_month,-19,-2,0.107531371686027,0.20761218198827,0.62303385373985
fed,endorsement_share,equal_county_month,-17,-2,0.0837300809206739,0.185739661980429,0.667971709700946
fed,endorsement_share,equal_county_month,-13,-2,0.138805399194392,0.131584755747821,0.332096169578644
fed,endorsement_share,equal_county_month,-12,-2,0.126904753811716,0.120645944121026,0.333362885443486
fed,endorsement_share,equal_county_month,-10,-2,0.132646866085328,0.151841623075223,0.415933402447826
fed,endorsement_share,equal_county_month,-9,-2,0.0765345462630554,0.069742907032047,0.314551536784548
fed,endorsement_share,equal_county_month,-4,-2,0.0316995907503056,0.0334935610359962,0.380464559699837
fed,endorsement_share,equal_county_month,3,-2,-0.154282826732851,0.0354742076310659,0.00482700759577012
fed,endorsement_share,equal_county_month,4,-2,-0.10694622222836,0.0883177116760511,0.27145214227293
fed,endorsement_share,equal_county_month,5,-2,-0.0872536676712137,0.0806078784921656,0.320626696562393
fed,endorsement_share,equal_county_month,6,-2,-0.0912560130689342,0.083843203092683,0.318188006313937
fed,endorsement_share,volume_weighted,-24,-2,0.397020552510736,0.321346178309279,0.262825551365925
fed,endorsement_share,volume_weighted,-22,-2,0.458937388316256,0.360320226805898,0.249886095085292
fed,endorsement_share,volume_weighted,-21,-2,0.379563299991866,0.317046306597138,0.276383439923477
fed,endorsement_share,volume_weighted,-20,-2,0.297883464473723,0.234818622971556,0.251588773294963
fed,endorsement_share,volume_weighted,-19,-2,0.212153153163163,0.254116285185183,0.435767404675216
fed,endorsement_share,volume_weighted,-17,-2,0.17721165857697,0.226161631327203,0.46309650187397
fed,endorsement_share,volume_weighted,-13,-2,0.204842332286674,0.167432207786751,0.267029403229113
fed,endorsement_share,volume_weighted,-12,-2,0.187371584993577,0.153455140015022,0.267878692848883
fed,endorsement_share,volume_weighted,-10,-2,0.189309962030009,0.18152654714318,0.337190546580509
fed,endorsement_share,volume_weighted,-9,-2,0.125207976826079,0.0961113033968991,0.240426847657695
fed,endorsement_share,volume_weighted,-4,-2,0.0476056066488044,0.0423323696247763,0.303738848254472
fed,endorsement_share,volume_weighted,3,-2,-0.172203287284962,0.0565930543244162,0.0227199978826981
fed,endorsement_share,volume_weighted,4,-2,-0.157591617352782,0.103313548839094,0.178011512143907
fed,endorsement_share,volume_weighted,5,-2,-0.130737972426747,0.104601449660402,0.257888844005543
fed,endorsement_share,volume_weighted,6,-2,-0.131323236969698,0.105949958320036,0.261446531605801
